algo,layers,task,placement,activation,alpha_key,delta_iqm,delta_mean,delta_std,n_seeds
SAC,1layer,Ant-v4,--,fgelu,0.1,27.06912814412132,32.65570778676323,34.04654482439607,5
SAC,1layer,Cartpole-Swingup,--,fgelu,0.2,2.9561455925442712,2.0538424687430314,4.542268727548296,5
SAC,1layer,Cheetah-Run,--,fgelu,0.2,21.274187283339838,20.514009734458252,15.597770809309287,5
SAC,1layer,Finger-Spin,--,fgelu,0.5,8.964823216564627,8.645662916800188,4.384522592963162,5
SAC,1layer,HalfCheetah-v4,--,fgelu,0.4,29.57886845482092,24.514818292561777,23.394682169414857,5
SAC,1layer,Hopper-v4,--,fgelu,0.4,58.438937085394066,56.00231614827423,14.171559642099282,5
SAC,1layer,Humanoid-v4,--,fgelu,0.1,5.0514595951881285,5.454065211613916,7.1319807964059985,5
SAC,1layer,Walker-Walk,--,fgelu,0.1,10.223964318401576,11.509767684871187,15.718893215395275,5
SAC,1layer,Ant-v4,--,fswish,0.1,-0.8569480776859152,1.4524385987121837,23.211551063568354,5
SAC,1layer,Cartpole-Swingup,--,fswish,0.4,5.194927382639776,5.033644982367976,1.3359526671361868,5
SAC,1layer,Cheetah-Run,--,fswish,0.2,35.460857243823774,30.756706653540835,19.379494376017362,5
SAC,1layer,Finger-Spin,--,fswish,0.4,6.815255828596809,6.275657351031354,13.028138933823492,5
SAC,1layer,HalfCheetah-v4,--,fswish,0.4,21.98520173394637,6.526950583825007,41.951615663816845,5
SAC,1layer,Hopper-v4,--,fswish,0.1,34.16978360447887,33.846901314197375,27.51896094932906,5
SAC,1layer,Humanoid-v4,--,fswish,0.1,8.589102915965688,4.752635981109931,13.059055031090354,5
SAC,1layer,Walker-Walk,--,fswish,0.2,12.65780359786558,11.616988438055738,23.683301007915375,5
SAC,1layer,Ant-v4,--,gelu,--,15.387567068565309,19.787562377994668,44.69539215299597,5
SAC,1layer,Cartpole-Swingup,--,gelu,--,-6.310084867643938,-6.243439054786804,2.8976989595579856,5
SAC,1layer,Cheetah-Run,--,gelu,--,11.720656732834021,15.216142571689167,10.263632791159598,5
SAC,1layer,Finger-Spin,--,gelu,--,-14.031640552529053,-14.15830395844226,2.939766895657961,5
SAC,1layer,HalfCheetah-v4,--,gelu,--,25.836201634697684,24.522992512169097,11.533271423228799,5
SAC,1layer,Hopper-v4,--,gelu,--,45.39599678949989,35.07828479861824,27.76972327529325,5
SAC,1layer,Humanoid-v4,--,gelu,--,-12.903534274659819,-11.176564006764476,11.347623146493154,5
SAC,1layer,Walker-Walk,--,gelu,--,-1.8838427076513875,2.6395641598647934,19.664750385696472,5
SAC,1layer,Ant-v4,--,swish,--,21.353670848853174,21.108345889620452,28.73095713403464,5
SAC,1layer,Cartpole-Swingup,--,swish,--,-8.486763897020408,-8.544188792801517,5.912176663296899,5
SAC,1layer,Cheetah-Run,--,swish,--,-8.12665885386368,-5.123703605568219,23.261161483652547,5
SAC,1layer,Finger-Spin,--,swish,--,-35.63104012413351,-33.923361049737736,11.333332806263689,5
SAC,1layer,HalfCheetah-v4,--,swish,--,-20.441561517869744,-20.93827913608027,40.44193905089144,5
SAC,1layer,Hopper-v4,--,swish,--,37.602725272984515,34.79275531550888,14.131968722703613,5
SAC,1layer,Humanoid-v4,--,swish,--,-9.415639373546142,-7.327471248802785,5.809280881324356,5
SAC,1layer,Walker-Walk,--,swish,--,7.2165827816529555,8.904612790747839,21.996085074478422,5
SAC,2layers,Ant-v4,all-critic,fgelu,0.4,50.97547761698755,47.05240584824974,38.33716660445514,5
SAC,2layers,Cartpole-Swingup,first-both,fgelu,0.5,4.967529449719328,2.9298614260644036,4.695914455057016,5
SAC,2layers,Cheetah-Run,first-actor,fgelu,0.2,19.947002482306328,20.162984625772776,5.384302781921317,5
SAC,2layers,Finger-Spin,all-both,fgelu,0.1,14.593912008246136,15.479049944658078,7.406855041442802,5
SAC,2layers,HalfCheetah-v4,first-both,fgelu,0.1,19.217361947691952,17.763277576384787,8.411544230963377,5
SAC,2layers,Hopper-v4,first-both,fgelu,0.3,20.788607248392214,20.33080701570139,7.505071310584208,5
SAC,2layers,Humanoid-v4,first-actor,fgelu,0.1,5.04668606861731,5.2473629836158455,3.055296755466265,5
SAC,2layers,Walker-Walk,first-actor,fgelu,0.1,11.003736643930276,11.238437688562357,3.274195839128359,5
SAC,2layers,Ant-v4,first-both,fswish,0.5,63.5361024189211,65.66987997490936,13.475142970444255,5
SAC,2layers,Cartpole-Swingup,first-actor,fswish,0.5,3.6729628679933284,3.2559864707793076,1.5665644290527514,5
SAC,2layers,Cheetah-Run,first-both,fswish,0.5,17.57634024120109,16.54786124228125,16.475001236808108,5
SAC,2layers,Finger-Spin,all-critic,fswish,0.2,15.695520537368159,13.732356196583634,5.395551727099977,5
SAC,2layers,HalfCheetah-v4,all-critic,fswish,0.1,28.08912516025835,26.75674933809561,13.016444189309476,5
SAC,2layers,Hopper-v4,first-both,fswish,0.1,12.749644977733288,13.891958452853055,8.508496864509514,5
SAC,2layers,Humanoid-v4,first-actor,fswish,0.1,7.061236281144141,5.718722229068254,10.165058232226038,5
SAC,2layers,Walker-Walk,all-actor,fswish,0.5,12.34742800854528,12.303641539487598,2.1488868926046045,5
SAC,2layers,Ant-v4,all-critic,gelu,--,43.43270048449978,40.85427261976318,24.935756715016776,5
SAC,2layers,Cartpole-Swingup,first-both,gelu,--,1.7870233160382443,1.88030746195832,1.99092031188933,5
SAC,2layers,Cheetah-Run,all-both,gelu,--,11.431635956209156,10.649918261408652,7.9643098972937425,5
SAC,2layers,Finger-Spin,all-actor,gelu,--,11.571025936533657,11.769857480288007,9.153094403167147,5
SAC,2layers,HalfCheetah-v4,all-both,gelu,--,15.962688684901458,2.3422602339362526,41.3096563793338,5
SAC,2layers,Hopper-v4,all-critic,gelu,--,1.3887385350462045,-3.6236358294456963,21.5192551214759,5
SAC,2layers,Humanoid-v4,all-both,gelu,--,4.233568464667595,3.4604818258697088,5.546314671672602,5
SAC,2layers,Walker-Walk,first-actor,gelu,--,9.463437476131281,6.396268190752275,10.021453324613505,5
SAC,2layers,Ant-v4,all-critic,swish,--,61.11380066472028,54.44570669834163,28.17427745196239,5
SAC,2layers,Cartpole-Swingup,all-actor,swish,--,3.0887128501612495,2.4889076198760547,1.9234356978329339,5
SAC,2layers,Cheetah-Run,all-actor,swish,--,19.79160389234526,17.51656695293917,8.337315825866247,5
SAC,2layers,Finger-Spin,first-actor,swish,--,12.09805789791983,12.136569029063066,3.092419000865582,5
SAC,2layers,HalfCheetah-v4,all-both,swish,--,20.86693166976381,21.694704454254367,9.30791339874929,5
SAC,2layers,Hopper-v4,all-actor,swish,--,7.5327344759024015,7.589549205125643,13.003063636819094,5
SAC,2layers,Humanoid-v4,all-both,swish,--,3.1324232059316675,4.055171602127521,5.177103227594101,5
SAC,2layers,Walker-Walk,all-actor,swish,--,9.53489185802739,9.229124823933315,1.9060363112826368,5
TD3,1layer,Ant-v4,--,fgelu,0.5,6.5758790527634865,4.2617500934584704,32.81296926550301,5
TD3,1layer,Cartpole-Swingup,--,fgelu,0.2,15.179779713917313,12.156324041982055,8.2836434191234,5
TD3,1layer,Cheetah-Run,--,fgelu,0.5,14.406331159519082,17.282235936122323,9.271034174238299,5
TD3,1layer,Finger-Spin,--,fgelu,0.5,31.928422585479492,32.19129894871789,4.323195751031946,5
TD3,1layer,HalfCheetah-v4,--,fgelu,0.5,65.68426766290041,47.19069070313705,51.696472687746976,5
TD3,1layer,Hopper-v4,--,fgelu,0.4,43.94408730710362,41.53033670353149,71.40454111465203,5
TD3,1layer,Humanoid-v4,--,fgelu,0.5,14.330578692872399,3.6088391110385674,31.70680760302491,5
TD3,1layer,Walker-Walk,--,fgelu,0.3,26.66594606839195,23.956080120552475,23.099115335789044,5
TD3,1layer,Ant-v4,--,fswish,0.3,43.39762155238575,35.75048339052364,49.488173395933245,5
TD3,1layer,Cartpole-Swingup,--,fswish,0.5,4.310229307146835,4.854099464993581,3.9980683144511913,5
TD3,1layer,Cheetah-Run,--,fswish,0.3,16.13742445918801,16.67503339280317,16.776040581691884,5
TD3,1layer,Finger-Spin,--,fswish,0.2,21.384333283453085,15.291944637389193,14.43741088443746,5
TD3,1layer,HalfCheetah-v4,--,fswish,0.1,61.052786169352146,50.732566534954486,69.80862155269544,5
TD3,1layer,Hopper-v4,--,fswish,0.1,49.59647190853371,40.50425763971465,36.022916073056834,5
TD3,1layer,Humanoid-v4,--,fswish,0.4,14.534058983248203,7.148446662470407,40.44402993213785,5
TD3,1layer,Walker-Walk,--,fswish,0.4,23.936073348583353,21.760046754964193,21.670952863415387,5
TD3,1layer,Ant-v4,--,gelu,--,-17.67514474990931,-10.838792886247884,32.20910941157463,5
TD3,1layer,Cartpole-Swingup,--,gelu,--,-3.980755305653241,-4.613373036784897,8.220773551317924,5
TD3,1layer,Cheetah-Run,--,gelu,--,2.5404703880462645,5.707998491035244,13.659676735600137,5
TD3,1layer,Finger-Spin,--,gelu,--,11.082200418845204,3.7090805134241136,37.733390140660546,5
TD3,1layer,HalfCheetah-v4,--,gelu,--,33.319649171903684,30.28264911769361,67.59017684572561,5
TD3,1layer,Hopper-v4,--,gelu,--,1.9026576591277096,9.540193929505879,56.96268564797977,5
TD3,1layer,Humanoid-v4,--,gelu,--,-21.680429208261696,-16.71883622520601,50.24577669249568,5
TD3,1layer,Walker-Walk,--,gelu,--,19.85983865994122,19.16575627926267,16.185480064143846,5
TD3,1layer,Ant-v4,--,swish,--,-0.7247512619641157,1.475664181643488,30.530272302901263,5
TD3,1layer,Cartpole-Swingup,--,swish,--,-30.872520257260618,-32.709516416706,14.962953546124393,5
TD3,1layer,Cheetah-Run,--,swish,--,4.953405880267091,4.741596338068026,8.36108782212015,5
TD3,1layer,Finger-Spin,--,swish,--,-12.789221696866553,-13.615744887088237,13.790627197708172,5
TD3,1layer,HalfCheetah-v4,--,swish,--,38.43262292618565,33.46794644999403,67.22965707631668,5
TD3,1layer,Hopper-v4,--,swish,--,34.91597343832033,37.00513162710145,14.278967721537349,5
TD3,1layer,Humanoid-v4,--,swish,--,17.423265438167444,13.447747942011166,18.557317496551857,5
TD3,1layer,Walker-Walk,--,swish,--,32.67789325791799,31.281991693919355,18.89982529135448,5
TD3,2layers,Ant-v4,first-actor,fgelu,0.4,8.44224193987263,8.792543151570694,9.554387534994556,5
TD3,2layers,Cartpole-Swingup,first-both,fgelu,0.4,4.611047642677982,4.379983754008952,1.4454560624522554,5
TD3,2layers,Cheetah-Run,all-critic,fgelu,0.5,9.274886302761452,3.5085639164475664,15.36118701959711,5
TD3,2layers,Finger-Spin,all-both,fgelu,0.1,14.223006336402593,16.48210787687183,6.201293917838081,5
TD3,2layers,HalfCheetah-v4,first-both,fgelu,0.4,46.437893811185376,40.697971796495246,86.23863781679398,5
TD3,2layers,Hopper-v4,all-both,fgelu,0.2,28.816624766144212,28.0971997942183,22.4642288438935,5
TD3,2layers,Humanoid-v4,all-both,fgelu,0.2,9.36427111281022,9.086655752682907,2.7552165074425607,5
TD3,2layers,Walker-Walk,all-actor,fgelu,0.3,13.002476845526536,11.431777096047146,6.180338979201313,5
TD3,2layers,Ant-v4,first-actor,fswish,0.1,3.4401341291911405,2.1162283476116226,11.066645903809306,5
TD3,2layers,Cartpole-Swingup,all-critic,fswish,0.4,4.797472635146819,4.675973444768337,1.9465845597584803,5
TD3,2layers,Cheetah-Run,first-both,fswish,0.3,4.697663537902625,0.38511438890969885,14.20821405815043,5
TD3,2layers,Finger-Spin,all-both,fswish,0.3,13.264644560393245,13.756615963396882,4.585228581786686,5
TD3,2layers,HalfCheetah-v4,first-actor,fswish,0.2,67.85802331442557,47.571152495216175,55.08524732697025,5
TD3,2layers,Hopper-v4,first-both,fswish,0.5,29.51459137333535,10.255268146550325,50.22304274902541,5
TD3,2layers,Humanoid-v4,all-critic,fswish,0.5,10.997802135473847,10.978104218814455,5.01046966509461,5
TD3,2layers,Walker-Walk,first-both,fswish,0.5,10.84854237486436,6.8867887558732175,10.007914335431517,5
TD3,2layers,Ant-v4,all-both,gelu,--,3.39818488459542,-0.2302266064147517,15.68141153209961,5
TD3,2layers,Cartpole-Swingup,all-both,gelu,--,3.1236722683598335,2.8785932851263807,3.0076358197404325,5
TD3,2layers,Cheetah-Run,all-actor,gelu,--,3.3136238995242207,3.3934486336195007,9.832213919160488,5
TD3,2layers,Finger-Spin,all-actor,gelu,--,12.208731936293967,9.421465542769676,6.85906525873197,5
TD3,2layers,HalfCheetah-v4,all-both,gelu,--,31.543451505083116,28.96057165241127,71.443223425536,5
TD3,2layers,Hopper-v4,first-both,gelu,--,30.350330117504217,29.367545594133873,10.858275155144822,5
TD3,2layers,Humanoid-v4,first-actor,gelu,--,2.6673134060293453,-3.028194952438219,15.696882447686296,5
TD3,2layers,Walker-Walk,all-actor,gelu,--,11.17110281835401,9.673795175124669,5.5286904970357496,5
TD3,2layers,Ant-v4,first-both,swish,--,8.81121511255285,3.8141117175851056,15.980330361835753,5
TD3,2layers,Cartpole-Swingup,all-critic,swish,--,1.7892524402823249,1.874725209974418,1.9334119801810399,5
TD3,2layers,Cheetah-Run,all-actor,swish,--,2.59664087136774,1.9505819676691636,9.428667711104861,5
TD3,2layers,Finger-Spin,all-both,swish,--,11.473277323853523,9.926551857891818,5.18372345883162,5
TD3,2layers,HalfCheetah-v4,first-both,swish,--,49.71832859964096,46.003976486171126,80.44941960834386,5
TD3,2layers,Hopper-v4,all-critic,swish,--,24.769958910147626,19.253277578784427,16.224089985499255,5
TD3,2layers,Humanoid-v4,all-critic,swish,--,2.7035649753638844,2.535606391408744,11.305704451191733,5
TD3,2layers,Walker-Walk,all-both,swish,--,11.585368511657682,10.337518941730163,5.916369202822023,5
