task,activation,alpha_key,placement,mean_auc,mean_auc_relu,delta
Ant-v4,relu,base,r,2509126367.125186,2509126367.125186,0.0
Ant-v4,lrelu,base,all-both,2480536918.785095,2509126367.125186,-1.139418433231281
Ant-v4,prelu,base,all-critic,2458076024.576664,2509126367.125186,-2.034586349152776
Ant-v4,swish,base,first-both,2604827249.902725,2509126367.125186,3.814111717585108
Ant-v4,gelu,base,all-actor,2545945685.498953,2509126367.125186,1.4674158645884534
Ant-v4,frelu,0.3,first-actor,2631540484.233625,2509126367.125186,4.878754562238094
Ant-v4,flrelu,0.1,all-both,2517319375.712259,2509126367.125186,0.3265283364926706
Ant-v4,fprelu,0.1,all-both,2644197447.5735655,2509126367.125186,5.383191624706263
Ant-v4,fswish,0.1,first-both,2606871452.0397186,2509126367.125186,3.895582390556256
Ant-v4,fgelu,0.4,first-actor,2729742385.682106,2509126367.125186,8.792543151570692
Cartpole-Swingup,relu,base,r,754008382.2283134,754008382.2283134,0.0
Cartpole-Swingup,lrelu,base,all-actor,723102452.2476196,754008382.2283134,-4.098884138311279
Cartpole-Swingup,prelu,base,first-both,739731231.9488525,754008382.2283134,-1.8935002071552292
Cartpole-Swingup,swish,base,all-critic,768143967.4552679,754008382.2283134,1.8747252099744178
Cartpole-Swingup,gelu,base,all-both,775713216.8884277,754008382.2283134,2.878593285126381
Cartpole-Swingup,frelu,0.5,first-actor,778448964.1406035,754008382.2283134,3.2414204521256234
Cartpole-Swingup,flrelu,0.5,all-actor,768612762.9665238,754008382.2283134,1.9368989897764983
Cartpole-Swingup,fprelu,0.1,first-actor,778885048.9586208,754008382.2283134,3.299255991928044
Cartpole-Swingup,fswish,0.4,all-critic,789265613.9526367,754008382.2283134,4.675973444768337
Cartpole-Swingup,fgelu,0.4,first-both,787033826.8737793,754008382.2283134,4.379983754008952
Cheetah-Run,relu,base,r,520839473.57993376,520839473.57993376,0.0
Cheetah-Run,lrelu,base,all-both,476973278.97691727,520839473.57993376,-8.42221007204138
Cheetah-Run,prelu,base,first-both,479925736.3307476,520839473.57993376,-7.855344943033986
Cheetah-Run,swish,base,first-actor,533222398.2524872,520839473.57993376,2.3774935082091084
Cheetah-Run,gelu,base,all-actor,538513893.579483,520839473.57993376,3.393448633619502
Cheetah-Run,frelu,0.1,all-actor,540791812.0741136,520839473.57993376,3.8308038284885755
Cheetah-Run,flrelu,0.1,all-actor,550209935.8990579,520839473.57993376,5.639062284824422
Cheetah-Run,fprelu,0.4,all-actor,551015488.3224518,520839473.57993376,5.793726526737019
Cheetah-Run,fswish,0.3,all-critic,541217175.9943962,520839473.57993376,3.9124727383657225
Cheetah-Run,fgelu,0.5,all-critic,539113459.4125748,520839473.57993376,3.508563916447565
Finger-Spin,relu,base,r,719283000.0,719283000.0,0.0
Finger-Spin,lrelu,base,all-actor,685866000.0,719283000.0,-4.645876518699872
Finger-Spin,prelu,base,all-critic,695497000.0,719283000.0,-3.3069042365800385
Finger-Spin,swish,base,all-both,790683000.0,719283000.0,9.926551857891818
Finger-Spin,gelu,base,all-critic,805891000.0,719283000.0,12.040879598155385
Finger-Spin,frelu,0.1,all-critic,786484000.0,719283000.0,9.342776070058656
Finger-Spin,flrelu,0.1,all-actor,789174000.0,719283000.0,9.716759606441414
Finger-Spin,fprelu,0.3,first-both,778218000.0,719283000.0,8.193576102869107
Finger-Spin,fswish,0.3,all-both,818232000.0,719283000.0,13.756615963396882
Finger-Spin,fgelu,0.1,all-both,837836000.0,719283000.0,16.48210787687183
HalfCheetah-v4,relu,base,r,3031874421.6131363,3031874421.6131363,0.0
HalfCheetah-v4,lrelu,base,all-actor,3373661201.6744614,3031874421.6131363,11.273117963753734
HalfCheetah-v4,prelu,base,first-actor,3249311700.744629,3031874421.6131363,7.17171125497352
HalfCheetah-v4,swish,base,first-both,4426657217.62228,3031874421.6131363,46.00397648617111
HalfCheetah-v4,gelu,base,all-both,3909922585.8955383,3031874421.6131363,28.960571652411268
HalfCheetah-v4,frelu,0.2,first-both,3938751143.4995375,3031874421.6131363,29.911420981740044
HalfCheetah-v4,flrelu,0.1,first-actor,4943284399.553876,3031874421.6131363,63.04383731446755
HalfCheetah-v4,fprelu,0.2,first-both,4222392070.478669,3031874421.6131363,39.266720296156166
HalfCheetah-v4,fswish,0.2,first-actor,4474172026.182175,3031874421.6131363,47.571152495216175
HalfCheetah-v4,fgelu,0.4,first-both,4265785818.626404,3031874421.6131363,40.697971796495246
Hopper-v4,relu,base,r,1938538991.8401551,1938538991.8401551,0.0
Hopper-v4,lrelu,base,first-actor,2304132792.1409607,1938538991.8401551,18.859244092571295
Hopper-v4,prelu,base,first-both,2475360400.8789062,1938538991.8401551,27.692061459603362
Hopper-v4,swish,base,all-critic,2311771284.9121094,1938538991.8401551,19.253277578784427
Hopper-v4,gelu,base,first-both,2507840314.1288757,1938538991.8401551,29.36754559413387
Hopper-v4,frelu,0.5,all-actor,2476184389.31331,1938538991.8401551,27.734567101113402
Hopper-v4,flrelu,0.1,first-actor,2359745843.5364895,1938538991.8401551,21.7280567205153
Hopper-v4,fprelu,0.1,all-actor,2618842337.9766345,1938538991.8401551,35.09361168385385
Hopper-v4,fswish,0.1,first-both,2406818719.970703,1938538991.8401551,24.15632236966429
Hopper-v4,fgelu,0.4,all-both,2493658289.6022797,1938538991.8401551,28.635962448977022
Humanoid-v4,relu,base,r,3553641840.947341,3553641840.947341,0.0
Humanoid-v4,lrelu,base,all-critic,3524995463.256836,3553641840.947341,-0.8061132486797934
Humanoid-v4,prelu,base,all-actor,3678366198.7686157,3553641840.947341,3.509761630565036
Humanoid-v4,swish,base,first-both,3644655596.8780518,3553641840.947341,2.561140373855123
Humanoid-v4,gelu,base,all-both,3474113295.8755493,3553641840.947341,-2.237944864206987
Humanoid-v4,frelu,0.4,all-actor,3723761137.1566443,3553641840.947341,4.787181821450877
Humanoid-v4,flrelu,0.2,first-both,3840334908.0848837,3553641840.947341,8.06758474740142
Humanoid-v4,fprelu,0.1,first-both,3811471105.441846,3553641840.947341,7.255353128827749
Humanoid-v4,fswish,0.5,all-critic,3943764345.8099365,3553641840.947341,10.97810421881445
Humanoid-v4,fgelu,0.2,all-both,3876549041.7175293,3553641840.947341,9.086655752682907
Walker-Walk,relu,base,r,779060973.2326782,779060973.2326782,0.0
Walker-Walk,lrelu,base,first-both,783549930.7107925,779060973.2326782,0.5762010461758392
Walker-Walk,prelu,base,first-both,727310791.8834686,779060973.2326782,-6.642635573756765
Walker-Walk,swish,base,all-both,859596548.9082336,779060973.2326782,10.337518941730163
Walker-Walk,gelu,base,all-actor,854425736.0725403,779060973.2326782,9.673795175124669
Walker-Walk,frelu,0.1,all-critic,856745960.052206,779060973.2326782,9.97161833138394
Walker-Walk,flrelu,0.1,all-actor,833014107.1083037,779060973.2326782,6.925405806396567
Walker-Walk,fprelu,0.5,all-actor,849920511.2816637,779060973.2326782,9.095506062247868
Walker-Walk,fswish,0.5,first-both,832713256.7386627,779060973.2326782,6.886788755873218
Walker-Walk,fgelu,0.3,all-actor,868121487.1349335,779060973.2326782,11.431777096047146
