algo,layers,placement,activation,n_tasks,low_alpha_wins,mean_best_delta,low_alpha_pct,modal_alpha,modal_alpha_wins
SAC,1layer,none,frelu,8,6,5.5,75.0,0.2,4
SAC,1layer,none,flrelu,8,5,10.5,62.5,0.1,3
SAC,1layer,none,fprelu,8,5,4.5,62.5,0.1,3
SAC,1layer,none,fgelu,8,6,20.5,75.0,0.1,4
SAC,1layer,none,fswish,8,5,13.7,62.5,0.1,3
SAC,2layers,best-placement,frelu,8,5,16.5,62.5,0.2,3
SAC,2layers,best-placement,flrelu,8,2,14.9,25.0,0.3,4
SAC,2layers,best-placement,fprelu,8,2,20.2,25.0,0.3,4
SAC,2layers,best-placement,fgelu,8,4,17.6,50.0,0.1,3
SAC,2layers,best-placement,fswish,8,3,20.1,37.5,0.5,4
TD3,1layer,none,frelu,8,4,24.8,50.0,0.1,3
TD3,1layer,none,flrelu,8,3,17.6,37.5,0.2,3
TD3,1layer,none,fprelu,8,6,16.2,75.0,0.1,3
TD3,1layer,none,fgelu,8,1,23.3,12.5,0.5,4
TD3,1layer,none,fswish,8,2,24.7,25.0,0.1,2
TD3,2layers,best-placement,frelu,8,4,11.7,50.0,0.1,3
TD3,2layers,best-placement,flrelu,8,7,14.6,87.5,0.1,6
TD3,2layers,best-placement,fprelu,8,5,14.2,62.5,0.1,4
TD3,2layers,best-placement,fgelu,8,2,15.4,25.0,0.4,4
TD3,2layers,best-placement,fswish,8,3,14.5,37.5,0.1,2
