algo,layers,placement,activation,avg_mean_over_alpha,avg_best_over_alpha,avg_gain
SAC,1layer,none,frelu,-4.0,5.5,9.5
SAC,1layer,none,flrelu,-3.2,10.6,13.7
SAC,1layer,none,fprelu,-5.2,4.5,9.7
SAC,1layer,none,fgelu,6.7,20.4,13.7
SAC,1layer,none,fswish,0.6,13.7,13.1
SAC,2layers,best-placement,frelu,10.9,16.5,5.6
SAC,2layers,best-placement,flrelu,11.3,14.8,3.5
SAC,2layers,best-placement,fprelu,14.9,20.2,5.4
SAC,2layers,best-placement,fgelu,14.1,17.6,3.6
SAC,2layers,best-placement,fswish,15.8,20.1,4.3
TD3,1layer,none,frelu,2.6,24.8,22.2
TD3,1layer,none,flrelu,-4.0,17.6,21.5
TD3,1layer,none,fprelu,-9.6,16.2,25.8
TD3,1layer,none,fgelu,8.2,23.3,15.1
TD3,1layer,none,fswish,11.8,24.7,12.9
TD3,2layers,best-placement,frelu,4.7,11.7,7.0
TD3,2layers,best-placement,flrelu,4.6,14.7,10.0
TD3,2layers,best-placement,fprelu,9.0,14.2,5.1
TD3,2layers,best-placement,fgelu,9.7,15.4,5.6
TD3,2layers,best-placement,fswish,9.4,14.5,5.1
