algo,layers,placement,activation,mean_over_alpha,std_over_alpha,n_alpha
SAC,1layer,none,fgelu,6.7,20.2,40
SAC,1layer,none,flrelu,-3.2,15.8,40
SAC,1layer,none,fprelu,-5.2,17.71,40
SAC,1layer,none,frelu,-4.0,17.29,40
SAC,1layer,none,fswish,0.6,14.39,40
SAC,2layers,all-actor,fgelu,4.7,9.25,40
SAC,2layers,all-actor,flrelu,4.9,11.28,40
SAC,2layers,all-actor,fprelu,8.3,11.83,40
SAC,2layers,all-actor,frelu,3.5,9.44,40
SAC,2layers,all-actor,fswish,3.8,7.02,40
SAC,2layers,all-both,fgelu,6.0,8.9,40
SAC,2layers,all-both,flrelu,-2.1,11.83,40
SAC,2layers,all-both,fprelu,-3.4,17.44,40
SAC,2layers,all-both,frelu,-4.1,13.75,40
SAC,2layers,all-both,fswish,7.3,14.44,40
SAC,2layers,all-critic,fgelu,7.4,12.95,40
SAC,2layers,all-critic,flrelu,-3.2,12.26,40
SAC,2layers,all-critic,fprelu,-2.0,17.32,40
SAC,2layers,all-critic,frelu,-2.8,12.24,40
SAC,2layers,all-critic,fswish,9.4,15.73,40
SAC,2layers,first-actor,fgelu,6.1,7.68,40
SAC,2layers,first-actor,flrelu,5.4,10.18,40
SAC,2layers,first-actor,fprelu,7.1,10.33,40
SAC,2layers,first-actor,frelu,7.9,12.04,40
SAC,2layers,first-actor,fswish,2.9,17.74,40
SAC,2layers,first-both,fgelu,7.9,8.99,40
SAC,2layers,first-both,flrelu,1.7,14.58,40
SAC,2layers,first-both,fprelu,3.5,14.4,40
SAC,2layers,first-both,frelu,0.6,12.94,40
SAC,2layers,first-both,fswish,10.3,15.57,40
TD3,1layer,none,fgelu,8.2,20.32,40
TD3,1layer,none,flrelu,-4.0,24.53,40
TD3,1layer,none,fprelu,-9.6,34.61,40
TD3,1layer,none,frelu,2.6,27.84,40
TD3,1layer,none,fswish,11.8,16.7,40
TD3,2layers,all-actor,fgelu,-0.5,9.38,40
TD3,2layers,all-actor,flrelu,-2.6,9.87,40
TD3,2layers,all-actor,fprelu,-1.8,20.54,40
TD3,2layers,all-actor,frelu,-1.9,9.08,40
TD3,2layers,all-actor,fswish,-1.8,10.84,40
TD3,2layers,all-both,fgelu,0.4,11.19,40
TD3,2layers,all-both,flrelu,-13.0,17.67,40
TD3,2layers,all-both,fprelu,-13.1,27.86,40
TD3,2layers,all-both,frelu,-13.1,18.77,40
TD3,2layers,all-both,fswish,-1.8,13.43,40
TD3,2layers,all-critic,fgelu,-0.4,8.44,40
TD3,2layers,all-critic,flrelu,-11.5,17.6,40
TD3,2layers,all-critic,fprelu,-8.2,27.33,40
TD3,2layers,all-critic,frelu,-14.5,21.19,40
TD3,2layers,all-critic,fswish,0.4,10.35,40
TD3,2layers,first-actor,fgelu,-4.6,15.17,40
TD3,2layers,first-actor,flrelu,-1.6,14.14,40
TD3,2layers,first-actor,fprelu,-3.3,8.97,40
TD3,2layers,first-actor,frelu,-10.1,20.86,40
TD3,2layers,first-actor,fswish,1.4,12.88,40
TD3,2layers,first-both,fgelu,0.4,14.17,40
TD3,2layers,first-both,flrelu,-8.9,12.83,40
TD3,2layers,first-both,fprelu,-1.8,19.45,40
TD3,2layers,first-both,frelu,-11.0,15.65,40
TD3,2layers,first-both,fswish,0.6,12.86,40
