algo,layers,placement,activation,avg_gap,median_gap
SAC,1layer,none,fgelu,26.9,24.5
SAC,1layer,none,fswish,25.0,21.3
SAC,1layer,none,flrelu,24.3,19.9
SAC,1layer,none,fprelu,20.6,22.3
SAC,1layer,none,frelu,19.3,13.5
SAC,2layers,best-placement,frelu,10.2,8.1
SAC,2layers,best-placement,fprelu,9.5,10.2
SAC,2layers,best-placement,fswish,9.3,6.2
SAC,2layers,best-placement,fgelu,8.1,7.5
SAC,2layers,best-placement,flrelu,8.0,7.7
TD3,1layer,none,fprelu,52.1,47.4
TD3,1layer,none,flrelu,44.8,50.0
TD3,1layer,none,frelu,41.4,41.7
TD3,1layer,none,fgelu,35.4,27.9
TD3,1layer,none,fswish,25.2,21.1
TD3,2layers,best-placement,frelu,16.0,14.3
TD3,2layers,best-placement,flrelu,15.5,6.8
TD3,2layers,best-placement,fgelu,10.6,8.3
TD3,2layers,best-placement,fswish,10.6,8.4
TD3,2layers,best-placement,fprelu,9.8,6.7
