algo,layers,placement,task,activation,alpha,best_mean_delta_pct
SAC,1layer,none,Ant-v4,fgelu,0.1,32.7
SAC,1layer,none,Cartpole-Swingup,fgelu,0.2,2.1
SAC,1layer,none,Cheetah-Run,fgelu,0.2,20.5
SAC,1layer,none,Finger-Spin,fgelu,0.5,8.6
SAC,1layer,none,HalfCheetah-v4,fgelu,0.4,24.5
SAC,1layer,none,Hopper-v4,fgelu,0.1,58.2
SAC,1layer,none,Humanoid-v4,fgelu,0.1,5.5
SAC,1layer,none,Walker-Walk,fgelu,0.1,11.5
SAC,1layer,none,Ant-v4,flrelu,0.1,-16.1
SAC,1layer,none,Cartpole-Swingup,flrelu,0.2,3.9
SAC,1layer,none,Cheetah-Run,flrelu,0.1,27.4
SAC,1layer,none,Finger-Spin,flrelu,0.4,1.4
SAC,1layer,none,HalfCheetah-v4,flrelu,0.4,25.2
SAC,1layer,none,Hopper-v4,flrelu,0.2,34.4
SAC,1layer,none,Humanoid-v4,flrelu,0.4,1.1
SAC,1layer,none,Walker-Walk,flrelu,0.1,7.1
SAC,1layer,none,Ant-v4,fprelu,0.3,-27.0
SAC,1layer,none,Cartpole-Swingup,fprelu,0.3,1.3
SAC,1layer,none,Cheetah-Run,fprelu,0.1,16.1
SAC,1layer,none,Finger-Spin,fprelu,0.5,-7.1
SAC,1layer,none,HalfCheetah-v4,fprelu,0.1,16.3
SAC,1layer,none,Hopper-v4,fprelu,0.1,43.5
SAC,1layer,none,Humanoid-v4,fprelu,0.2,-2.8
SAC,1layer,none,Walker-Walk,fprelu,0.2,-4.4
SAC,1layer,none,Ant-v4,frelu,0.2,-17.2
SAC,1layer,none,Cartpole-Swingup,frelu,0.2,3.2
SAC,1layer,none,Cheetah-Run,frelu,0.1,20.6
SAC,1layer,none,Finger-Spin,frelu,0.3,6.7
SAC,1layer,none,HalfCheetah-v4,frelu,0.2,28.5
SAC,1layer,none,Hopper-v4,frelu,0.3,8.4
SAC,1layer,none,Humanoid-v4,frelu,0.2,-9.9
SAC,1layer,none,Walker-Walk,frelu,0.1,3.4
SAC,1layer,none,Ant-v4,fswish,0.1,1.5
SAC,1layer,none,Cartpole-Swingup,fswish,0.4,5.0
SAC,1layer,none,Cheetah-Run,fswish,0.2,30.8
SAC,1layer,none,Finger-Spin,fswish,0.4,6.3
SAC,1layer,none,HalfCheetah-v4,fswish,0.5,16.0
SAC,1layer,none,Hopper-v4,fswish,0.1,33.8
SAC,1layer,none,Humanoid-v4,fswish,0.1,4.8
SAC,1layer,none,Walker-Walk,fswish,0.2,11.6
SAC,2layers,best-placement,Ant-v4,fgelu,0.4,47.1
SAC,2layers,best-placement,Cartpole-Swingup,fgelu,0.4,3.7
SAC,2layers,best-placement,Cheetah-Run,fgelu,0.2,20.2
SAC,2layers,best-placement,Finger-Spin,fgelu,0.1,15.5
SAC,2layers,best-placement,HalfCheetah-v4,fgelu,0.1,17.8
SAC,2layers,best-placement,Hopper-v4,fgelu,0.3,20.3
SAC,2layers,best-placement,Humanoid-v4,fgelu,0.4,5.4
SAC,2layers,best-placement,Walker-Walk,fgelu,0.1,11.2
SAC,2layers,best-placement,Ant-v4,flrelu,0.4,34.1
SAC,2layers,best-placement,Cartpole-Swingup,flrelu,0.3,4.1
SAC,2layers,best-placement,Cheetah-Run,flrelu,0.1,20.9
SAC,2layers,best-placement,Finger-Spin,flrelu,0.3,16.0
SAC,2layers,best-placement,HalfCheetah-v4,flrelu,0.3,11.4
SAC,2layers,best-placement,Hopper-v4,flrelu,0.3,15.1
SAC,2layers,best-placement,Humanoid-v4,flrelu,0.5,9.8
SAC,2layers,best-placement,Walker-Walk,flrelu,0.1,7.5
SAC,2layers,best-placement,Ant-v4,fprelu,0.2,48.7
SAC,2layers,best-placement,Cartpole-Swingup,fprelu,0.5,2.8
SAC,2layers,best-placement,Cheetah-Run,fprelu,0.3,28.3
SAC,2layers,best-placement,Finger-Spin,fprelu,0.3,18.5
SAC,2layers,best-placement,HalfCheetah-v4,fprelu,0.3,18.2
SAC,2layers,best-placement,Hopper-v4,fprelu,0.2,23.6
SAC,2layers,best-placement,Humanoid-v4,fprelu,0.3,11.0
SAC,2layers,best-placement,Walker-Walk,fprelu,0.5,10.9
SAC,2layers,best-placement,Ant-v4,frelu,0.2,43.1
SAC,2layers,best-placement,Cartpole-Swingup,frelu,0.5,3.6
SAC,2layers,best-placement,Cheetah-Run,frelu,0.1,21.6
SAC,2layers,best-placement,Finger-Spin,frelu,0.5,11.9
SAC,2layers,best-placement,HalfCheetah-v4,frelu,0.2,14.3
SAC,2layers,best-placement,Hopper-v4,frelu,0.2,22.1
SAC,2layers,best-placement,Humanoid-v4,frelu,0.5,7.9
SAC,2layers,best-placement,Walker-Walk,frelu,0.1,7.8
SAC,2layers,best-placement,Ant-v4,fswish,0.5,65.7
SAC,2layers,best-placement,Cartpole-Swingup,fswish,0.5,3.3
SAC,2layers,best-placement,Cheetah-Run,fswish,0.5,16.5
SAC,2layers,best-placement,Finger-Spin,fswish,0.3,16.8
SAC,2layers,best-placement,HalfCheetah-v4,fswish,0.1,26.8
SAC,2layers,best-placement,Hopper-v4,fswish,0.1,13.9
SAC,2layers,best-placement,Humanoid-v4,fswish,0.1,5.7
SAC,2layers,best-placement,Walker-Walk,fswish,0.5,12.3
TD3,1layer,none,Ant-v4,fgelu,0.5,4.3
TD3,1layer,none,Cartpole-Swingup,fgelu,0.2,12.2
TD3,1layer,none,Cheetah-Run,fgelu,0.5,17.3
TD3,1layer,none,Finger-Spin,fgelu,0.5,32.2
TD3,1layer,none,HalfCheetah-v4,fgelu,0.5,47.2
TD3,1layer,none,Hopper-v4,fgelu,0.4,41.5
TD3,1layer,none,Humanoid-v4,fgelu,0.3,7.5
TD3,1layer,none,Walker-Walk,fgelu,0.3,24.0
TD3,1layer,none,Ant-v4,flrelu,0.3,31.5
TD3,1layer,none,Cartpole-Swingup,flrelu,0.3,6.9
TD3,1layer,none,Cheetah-Run,flrelu,0.4,21.8
TD3,1layer,none,Finger-Spin,flrelu,0.2,16.2
TD3,1layer,none,HalfCheetah-v4,flrelu,0.5,42.7
TD3,1layer,none,Hopper-v4,flrelu,0.2,15.6
TD3,1layer,none,Humanoid-v4,flrelu,0.2,8.2
TD3,1layer,none,Walker-Walk,flrelu,0.4,-2.4
TD3,1layer,none,Ant-v4,fprelu,0.2,-13.9
TD3,1layer,none,Cartpole-Swingup,fprelu,0.2,3.9
TD3,1layer,none,Cheetah-Run,fprelu,0.3,29.4
TD3,1layer,none,Finger-Spin,fprelu,0.1,17.5
TD3,1layer,none,HalfCheetah-v4,fprelu,0.3,42.0
TD3,1layer,none,Hopper-v4,fprelu,0.1,65.3
TD3,1layer,none,Humanoid-v4,fprelu,0.1,-32.1
TD3,1layer,none,Walker-Walk,fprelu,0.2,17.8
TD3,1layer,none,Ant-v4,frelu,0.3,8.9
TD3,1layer,none,Cartpole-Swingup,frelu,0.2,7.4
TD3,1layer,none,Cheetah-Run,frelu,0.4,17.0
TD3,1layer,none,Finger-Spin,frelu,0.1,24.8
TD3,1layer,none,HalfCheetah-v4,frelu,0.3,79.7
TD3,1layer,none,Hopper-v4,frelu,0.1,26.2
TD3,1layer,none,Humanoid-v4,frelu,0.3,5.8
TD3,1layer,none,Walker-Walk,frelu,0.1,28.5
TD3,1layer,none,Ant-v4,fswish,0.3,35.8
TD3,1layer,none,Cartpole-Swingup,fswish,0.5,4.9
TD3,1layer,none,Cheetah-Run,fswish,0.3,16.7
TD3,1layer,none,Finger-Spin,fswish,0.5,20.3
TD3,1layer,none,HalfCheetah-v4,fswish,0.1,50.7
TD3,1layer,none,Hopper-v4,fswish,0.1,40.5
TD3,1layer,none,Humanoid-v4,fswish,0.4,7.1
TD3,1layer,none,Walker-Walk,fswish,0.4,21.8
TD3,2layers,best-placement,Ant-v4,fgelu,0.4,8.8
TD3,2layers,best-placement,Cartpole-Swingup,fgelu,0.4,4.4
TD3,2layers,best-placement,Cheetah-Run,fgelu,0.5,3.5
TD3,2layers,best-placement,Finger-Spin,fgelu,0.1,16.5
TD3,2layers,best-placement,HalfCheetah-v4,fgelu,0.4,40.7
TD3,2layers,best-placement,Hopper-v4,fgelu,0.4,28.6
TD3,2layers,best-placement,Humanoid-v4,fgelu,0.2,9.1
TD3,2layers,best-placement,Walker-Walk,fgelu,0.3,11.4
TD3,2layers,best-placement,Ant-v4,flrelu,0.1,0.3
TD3,2layers,best-placement,Cartpole-Swingup,flrelu,0.5,1.9
TD3,2layers,best-placement,Cheetah-Run,flrelu,0.1,5.6
TD3,2layers,best-placement,Finger-Spin,flrelu,0.1,9.7
TD3,2layers,best-placement,HalfCheetah-v4,flrelu,0.1,63.0
TD3,2layers,best-placement,Hopper-v4,flrelu,0.1,21.7
TD3,2layers,best-placement,Humanoid-v4,flrelu,0.2,8.1
TD3,2layers,best-placement,Walker-Walk,flrelu,0.1,6.9
TD3,2layers,best-placement,Ant-v4,fprelu,0.1,5.4
TD3,2layers,best-placement,Cartpole-Swingup,fprelu,0.1,3.3
TD3,2layers,best-placement,Cheetah-Run,fprelu,0.4,5.8
TD3,2layers,best-placement,Finger-Spin,fprelu,0.3,8.2
TD3,2layers,best-placement,HalfCheetah-v4,fprelu,0.2,39.3
TD3,2layers,best-placement,Hopper-v4,fprelu,0.1,35.1
TD3,2layers,best-placement,Humanoid-v4,fprelu,0.1,7.3
TD3,2layers,best-placement,Walker-Walk,fprelu,0.5,9.1
TD3,2layers,best-placement,Ant-v4,frelu,0.3,4.9
TD3,2layers,best-placement,Cartpole-Swingup,frelu,0.5,3.2
TD3,2layers,best-placement,Cheetah-Run,frelu,0.1,3.8
TD3,2layers,best-placement,Finger-Spin,frelu,0.1,9.3
TD3,2layers,best-placement,HalfCheetah-v4,frelu,0.2,29.9
TD3,2layers,best-placement,Hopper-v4,frelu,0.5,27.7
TD3,2layers,best-placement,Humanoid-v4,frelu,0.4,4.8
TD3,2layers,best-placement,Walker-Walk,frelu,0.1,10.0
TD3,2layers,best-placement,Ant-v4,fswish,0.1,3.9
TD3,2layers,best-placement,Cartpole-Swingup,fswish,0.4,4.7
TD3,2layers,best-placement,Cheetah-Run,fswish,0.3,3.9
TD3,2layers,best-placement,Finger-Spin,fswish,0.3,13.8
TD3,2layers,best-placement,HalfCheetah-v4,fswish,0.2,47.6
TD3,2layers,best-placement,Hopper-v4,fswish,0.1,24.2
TD3,2layers,best-placement,Humanoid-v4,fswish,0.5,11.0
TD3,2layers,best-placement,Walker-Walk,fswish,0.5,6.9
