algo,layers,placement,activation,alpha,win_count,n_tasks,win_pct
SAC,1layer,none,fgelu,0.1,4,8,50.0
SAC,1layer,none,fgelu,0.2,2,8,25.0
SAC,1layer,none,fgelu,0.4,1,8,12.5
SAC,1layer,none,fgelu,0.5,1,8,12.5
SAC,1layer,none,flrelu,0.1,3,8,37.5
SAC,1layer,none,flrelu,0.4,3,8,37.5
SAC,1layer,none,flrelu,0.2,2,8,25.0
SAC,1layer,none,fprelu,0.1,3,8,37.5
SAC,1layer,none,fprelu,0.2,2,8,25.0
SAC,1layer,none,fprelu,0.3,2,8,25.0
SAC,1layer,none,fprelu,0.5,1,8,12.5
SAC,1layer,none,frelu,0.2,4,8,50.0
SAC,1layer,none,frelu,0.1,2,8,25.0
SAC,1layer,none,frelu,0.3,2,8,25.0
SAC,1layer,none,fswish,0.1,3,8,37.5
SAC,1layer,none,fswish,0.2,2,8,25.0
SAC,1layer,none,fswish,0.4,2,8,25.0
SAC,1layer,none,fswish,0.5,1,8,12.5
SAC,2layers,best-placement,fgelu,0.1,3,8,37.5
SAC,2layers,best-placement,fgelu,0.4,3,8,37.5
SAC,2layers,best-placement,fgelu,0.2,1,8,12.5
SAC,2layers,best-placement,fgelu,0.3,1,8,12.5
SAC,2layers,best-placement,flrelu,0.3,4,8,50.0
SAC,2layers,best-placement,flrelu,0.1,2,8,25.0
SAC,2layers,best-placement,flrelu,0.4,1,8,12.5
SAC,2layers,best-placement,flrelu,0.5,1,8,12.5
SAC,2layers,best-placement,fprelu,0.3,4,8,50.0
SAC,2layers,best-placement,fprelu,0.2,2,8,25.0
SAC,2layers,best-placement,fprelu,0.5,2,8,25.0
SAC,2layers,best-placement,frelu,0.2,3,8,37.5
SAC,2layers,best-placement,frelu,0.5,3,8,37.5
SAC,2layers,best-placement,frelu,0.1,2,8,25.0
SAC,2layers,best-placement,fswish,0.5,4,8,50.0
SAC,2layers,best-placement,fswish,0.1,3,8,37.5
SAC,2layers,best-placement,fswish,0.3,1,8,12.5
TD3,1layer,none,fgelu,0.5,4,8,50.0
TD3,1layer,none,fgelu,0.3,2,8,25.0
TD3,1layer,none,fgelu,0.2,1,8,12.5
TD3,1layer,none,fgelu,0.4,1,8,12.5
TD3,1layer,none,flrelu,0.2,3,8,37.5
TD3,1layer,none,flrelu,0.3,2,8,25.0
TD3,1layer,none,flrelu,0.4,2,8,25.0
TD3,1layer,none,flrelu,0.5,1,8,12.5
TD3,1layer,none,fprelu,0.1,3,8,37.5
TD3,1layer,none,fprelu,0.2,3,8,37.5
TD3,1layer,none,fprelu,0.3,2,8,25.0
TD3,1layer,none,frelu,0.1,3,8,37.5
TD3,1layer,none,frelu,0.3,3,8,37.5
TD3,1layer,none,frelu,0.2,1,8,12.5
TD3,1layer,none,frelu,0.4,1,8,12.5
TD3,1layer,none,fswish,0.1,2,8,25.0
TD3,1layer,none,fswish,0.3,2,8,25.0
TD3,1layer,none,fswish,0.4,2,8,25.0
TD3,1layer,none,fswish,0.5,2,8,25.0
TD3,2layers,best-placement,fgelu,0.4,4,8,50.0
TD3,2layers,best-placement,fgelu,0.1,1,8,12.5
TD3,2layers,best-placement,fgelu,0.2,1,8,12.5
TD3,2layers,best-placement,fgelu,0.3,1,8,12.5
TD3,2layers,best-placement,fgelu,0.5,1,8,12.5
TD3,2layers,best-placement,flrelu,0.1,6,8,75.0
TD3,2layers,best-placement,flrelu,0.2,1,8,12.5
TD3,2layers,best-placement,flrelu,0.5,1,8,12.5
TD3,2layers,best-placement,fprelu,0.1,4,8,50.0
TD3,2layers,best-placement,fprelu,0.2,1,8,12.5
TD3,2layers,best-placement,fprelu,0.3,1,8,12.5
TD3,2layers,best-placement,fprelu,0.4,1,8,12.5
TD3,2layers,best-placement,fprelu,0.5,1,8,12.5
TD3,2layers,best-placement,frelu,0.1,3,8,37.5
TD3,2layers,best-placement,frelu,0.5,2,8,25.0
TD3,2layers,best-placement,frelu,0.2,1,8,12.5
TD3,2layers,best-placement,frelu,0.3,1,8,12.5
TD3,2layers,best-placement,frelu,0.4,1,8,12.5
TD3,2layers,best-placement,fswish,0.1,2,8,25.0
TD3,2layers,best-placement,fswish,0.3,2,8,25.0
TD3,2layers,best-placement,fswish,0.5,2,8,25.0
TD3,2layers,best-placement,fswish,0.2,1,8,12.5
TD3,2layers,best-placement,fswish,0.4,1,8,12.5
