algo,task,layers,auc_relu_base
SAC,Ant-v4,1layer,1344453637.8356307
SAC,Ant-v4,2layers,2372622764.7592154
SAC,Cartpole-Swingup,1layer,725148736.2683398
SAC,Cartpole-Swingup,2layers,765640778.4342302
SAC,Cheetah-Run,1layer,271976269.1009747
SAC,Cheetah-Run,2layers,418412081.7445899
SAC,Finger-Spin,1layer,592910000.0
SAC,Finger-Spin,2layers,701096000.0
SAC,HalfCheetah-v4,1layer,3805528421.1800604
SAC,HalfCheetah-v4,2layers,6850674489.653674
SAC,Hopper-v4,1layer,1497596894.951844
SAC,Hopper-v4,2layers,2333416292.847686
SAC,Humanoid-v4,1layer,3349341174.3395467
SAC,Humanoid-v4,2layers,3819549534.547168
SAC,Walker-Walk,1layer,572533753.6142914
SAC,Walker-Walk,2layers,767541404.4895375
TD3,Ant-v4,1layer,1435997724.7550051
TD3,Ant-v4,2layers,2509126367.125186
TD3,Cartpole-Swingup,1layer,656025240.207854
TD3,Cartpole-Swingup,2layers,754008382.2283134
TD3,Cheetah-Run,1layer,282632550.53843087
TD3,Cheetah-Run,2layers,520839473.57993376
TD3,Finger-Spin,1layer,447739000.0
TD3,Finger-Spin,2layers,719283000.0
TD3,HalfCheetah-v4,1layer,2272098573.3879137
TD3,HalfCheetah-v4,2layers,3031874421.6131363
TD3,Hopper-v4,1layer,1096397127.585713
TD3,Hopper-v4,2layers,1938538991.8401551
TD3,Humanoid-v4,1layer,2245589736.7499375
TD3,Humanoid-v4,2layers,3553641840.947341
TD3,Walker-Walk,1layer,546355122.2629595
TD3,Walker-Walk,2layers,779060973.2326782
