algo,layers,task,best_placement,best_activation,best_alpha_key,n_seeds,mean_relu_auc,mean_best_auc,mean_delta_auc,mean_delta_pct_vs_relu,bootstrap_ci_low,bootstrap_ci_high,ci_excludes_zero,ci_positive,wilcoxon_p,cliffs_delta,effect_size_category
SAC,1layer,Ant-v4,none,fgelu,0.1,5,1344453637.8356307,1783494489.1357422,439040851.3001116,32.65570778676324,175682097.6228314,706081272.1517646,True,True,0.125,0.6,large
SAC,1layer,Cartpole-Swingup,none,fswish,0.4,5,725148736.2683398,761650149.2462158,36501412.97787614,5.033644982367986,19580715.54198699,55673163.30497436,True,True,0.0625,0.92,large
SAC,1layer,Cheetah-Run,none,fswish,0.2,5,271976269.1009747,355627212.35560626,83650943.25463162,30.756706653540842,35160382.904576726,115185468.86711106,True,True,0.125,0.84,large
SAC,1layer,Finger-Spin,none,fgelu,0.5,5,592910000.0,644171000.0,51261000.0,8.64566291680019,23410000.0,83937000.0,True,True,0.0625,0.76,large
SAC,1layer,HalfCheetah-v4,none,frelu,0.2,5,3805528421.1800604,4891648562.553833,1086120141.3737724,28.540586777091427,190712321.64140376,2027340058.65947,True,True,0.1875,0.52,large
SAC,1layer,Hopper-v4,none,fgelu,0.1,5,1497596894.951844,2369666090.85083,872069195.8989861,58.231236912856176,395364823.14664775,1260560849.8625863,True,True,0.125,0.84,large
SAC,1layer,Humanoid-v4,none,fgelu,0.1,5,3349341174.339546,3532016426.147461,182675251.80791426,5.454065211613918,67919851.23212633,297430652.38370216,True,True,0.0625,0.36,medium
SAC,1layer,Walker-Walk,none,fswish,0.2,5,572533753.6142914,639044933.5756302,66511179.96133868,11.616988438055722,-57854730.042457566,190877089.96513492,False,False,0.625,0.36,medium
SAC,2layers,Ant-v4,first-both,fswish,0.5,5,2372622764.7592154,3930721286.6339684,1558098521.8747525,65.66987997490935,894972904.242988,2083607694.2450492,True,True,0.0625,1.0,large
SAC,2layers,Cartpole-Swingup,all-actor,flrelu,0.3,5,765640778.4342302,796849459.8152974,31208681.381067038,4.076151931835474,8198649.933021021,54218712.82911305,True,True,0.125,0.68,large
SAC,2layers,Cheetah-Run,all-actor,fprelu,0.3,5,418412081.7445899,536997136.2512953,118585054.50670548,28.34168985089035,89932169.13293262,157220614.32467872,True,True,0.0625,1.0,large
SAC,2layers,Finger-Spin,first-actor,fprelu,0.3,5,701096000.0,830729000.0,129633000.0,18.49004986478314,59653000.0,201779000.0,True,True,0.0625,0.76,large
SAC,2layers,HalfCheetah-v4,all-critic,fswish,0.1,5,6850674489.653674,8683692290.819168,1833017801.1654944,26.756749338095613,1288730521.4763167,2377305080.8546724,True,True,0.0625,0.84,large
SAC,2layers,Hopper-v4,all-both,fprelu,0.2,5,2333416292.8476863,2885250326.9517107,551834034.1040251,23.64918920792185,394187758.93744266,779107634.7302494,True,True,0.0625,0.76,large
SAC,2layers,Humanoid-v4,all-both,fprelu,0.3,5,3819549534.547168,4238073764.0009093,418524229.45374185,10.957423792210632,251277591.61511785,644664222.7799382,True,True,0.0625,0.92,large
SAC,2layers,Walker-Walk,all-actor,fswish,0.5,5,767541404.4895375,861976947.5650787,94435543.07554118,12.30364153948759,17720210.55904088,173161647.28251106,True,True,0.0625,0.76,large
TD3,1layer,Ant-v4,none,fswish,0.3,5,1435997724.7550051,1949373852.8318405,513376128.07683545,35.75048339052364,-316187188.555136,1310021927.4622147,False,False,0.3125,0.6,large
TD3,1layer,Cartpole-Swingup,none,fgelu,0.2,5,656025240.207854,735773794.2047119,79748553.99685788,12.156324041982055,-9517720.626585817,168554238.1309053,False,False,0.3125,0.76,large
TD3,1layer,Cheetah-Run,none,fprelu,0.3,5,282632550.5384309,365807010.93246716,83174460.39403623,29.428478862602415,34955715.217842735,128426525.1834753,True,True,0.0625,0.92,large
TD3,1layer,Finger-Spin,none,fgelu,0.5,5,447739000.0,591872000.0,144133000.0,32.19129894871789,850000.0,382049000.0,True,True,0.1875,0.68,large
TD3,1layer,HalfCheetah-v4,none,frelu,0.3,5,2272098573.387913,4082180507.7026024,1810081934.314689,79.66564283413489,1123319166.523147,2532402447.5176177,True,True,0.0625,1.0,large
TD3,1layer,Hopper-v4,none,fprelu,0.1,5,1096397127.585713,1811859929.0179093,715462801.4321966,65.25580772066223,397255233.25258017,1033670369.611813,True,True,0.0625,0.92,large
TD3,1layer,Humanoid-v4,none,flrelu,0.2,5,2245589736.749937,2428632831.586045,183043094.83610767,8.151226016067728,-708097681.6917107,1070916193.6667191,False,False,0.8125,0.2,small
TD3,1layer,Walker-Walk,none,frelu,0.1,5,546355122.2629594,701978770.0107957,155623647.74783623,28.483973409685532,-29848923.455432724,361487714.03695107,False,False,0.3125,0.52,large
TD3,2layers,Ant-v4,first-actor,fgelu,0.4,5,2509126367.1251864,2729742385.682106,220616018.55691987,8.792543151570683,77956698.93306093,437831792.8824018,True,True,0.0625,0.52,large
TD3,2layers,Cartpole-Swingup,all-critic,fswish,0.4,5,754008382.2283136,789265613.9526367,35257231.724323295,4.6759734447683385,9915628.460393691,60598834.9882529,True,True,0.125,0.84,large
TD3,2layers,Cheetah-Run,all-actor,fprelu,0.4,5,520839473.57993376,551015488.3224518,30176014.74251802,5.793726526737009,-82756529.26566619,117665713.69816637,False,False,0.8125,0.12,negligible
TD3,2layers,Finger-Spin,all-both,fgelu,0.1,5,719283000.0,837836000.0,118553000.0,16.48210787687183,52287000.0,206050000.0,True,True,0.0625,1.0,large
TD3,2layers,HalfCheetah-v4,first-actor,flrelu,0.1,5,3031874421.6131372,4943284399.553876,1911409977.9407394,63.043837314467524,355524222.9057892,3650757455.1686125,True,True,0.125,0.6,large
TD3,2layers,Hopper-v4,all-actor,fprelu,0.1,5,1938538991.8401551,2618842337.9766345,680303346.1364796,35.093611683853865,-23970832.428850077,1562033536.0229487,False,False,0.3125,0.6,large
TD3,2layers,Humanoid-v4,all-critic,fswish,0.5,5,3553641840.9473405,3943764345.8099365,390122504.86259574,10.978104218814458,-96009572.52301264,771732142.8370229,False,False,0.1875,0.6,large
TD3,2layers,Walker-Walk,all-actor,fgelu,0.3,5,779060973.232678,868121487.1349335,89060513.90225534,11.431777096047155,65508549.87950158,107490534.91345079,True,True,0.0625,0.76,large
